Enrollment,Name,Date,Time
11,['te_rex'],2025-01-14,00:06:57
11,['te_rex'],2025-01-14,00:06:57
11,['te_rex'],2025-01-14,00:06:57
11,['te_rex'],2025-01-14,00:06:57
11,['te_rex'],2025-01-14,00:06:57
11,['te_rex'],2025-01-14,00:06:57
11,['te_rex'],2025-01-14,00:06:57
11,['te_rex'],2025-01-14,00:06:57
11,['te_rex'],2025-01-14,00:06:58
11,['te_rex'],2025-01-14,00:06:58
11,['te_rex'],2025-01-14,00:06:58
11,['te_rex'],2025-01-14,00:06:58
11,['te_rex'],2025-01-14,00:06:58
11,['te_rex'],2025-01-14,00:06:58
11,['te_rex'],2025-01-14,00:06:58
11,['te_rex'],2025-01-14,00:06:58
11,['te_rex'],2025-01-14,00:06:58
11,['te_rex'],2025-01-14,00:06:58
11,['te_rex'],2025-01-14,00:06:58
11,['te_rex'],2025-01-14,00:06:58
11,['te_rex'],2025-01-14,00:06:58
11,['te_rex'],2025-01-14,00:06:59
11,['te_rex'],2025-01-14,00:06:59
11,['te_rex'],2025-01-14,00:06:59
11,['te_rex'],2025-01-14,00:06:59
11,['te_rex'],2025-01-14,00:06:59
11,['te_rex'],2025-01-14,00:06:59
11,['te_rex'],2025-01-14,00:06:59
11,['te_rex'],2025-01-14,00:06:59
11,['te_rex'],2025-01-14,00:06:59
11,['te_rex'],2025-01-14,00:06:59
11,['te_rex'],2025-01-14,00:06:59
11,['te_rex'],2025-01-14,00:07:01
11,['te_rex'],2025-01-14,00:07:01
11,['te_rex'],2025-01-14,00:07:01
11,['te_rex'],2025-01-14,00:07:01
11,['te_rex'],2025-01-14,00:07:01
11,['te_rex'],2025-01-14,00:07:01
11,['te_rex'],2025-01-14,00:07:01
11,['te_rex'],2025-01-14,00:07:01
11,['te_rex'],2025-01-14,00:07:01
11,['te_rex'],2025-01-14,00:07:02
11,['te_rex'],2025-01-14,00:07:02
11,['te_rex'],2025-01-14,00:07:02
11,['te_rex'],2025-01-14,00:07:02
11,['te_rex'],2025-01-14,00:07:02
11,['te_rex'],2025-01-14,00:07:02
11,['te_rex'],2025-01-14,00:07:02
11,['te_rex'],2025-01-14,00:07:02
11,['te_rex'],2025-01-14,00:07:02
11,['te_rex'],2025-01-14,00:07:02
11,['te_rex'],2025-01-14,00:07:02
11,['te_rex'],2025-01-14,00:07:02
11,['te_rex'],2025-01-14,00:07:03
11,['te_rex'],2025-01-14,00:07:03
11,['te_rex'],2025-01-14,00:07:03
11,['te_rex'],2025-01-14,00:07:03
11,['te_rex'],2025-01-14,00:07:03
11,['te_rex'],2025-01-14,00:07:03
11,['te_rex'],2025-01-14,00:07:03
11,['te_rex'],2025-01-14,00:07:03
11,['te_rex'],2025-01-14,00:07:03
11,['te_rex'],2025-01-14,00:07:03
11,['te_rex'],2025-01-14,00:07:03
11,['te_rex'],2025-01-14,00:07:03
11,['te_rex'],2025-01-14,00:07:03
11,['te_rex'],2025-01-14,00:07:04
11,['te_rex'],2025-01-14,00:07:04
11,['te_rex'],2025-01-14,00:07:04
11,['te_rex'],2025-01-14,00:07:04
11,['te_rex'],2025-01-14,00:07:04
11,['te_rex'],2025-01-14,00:07:04
11,['te_rex'],2025-01-14,00:07:04
11,['te_rex'],2025-01-14,00:07:04
11,['te_rex'],2025-01-14,00:07:04
11,['te_rex'],2025-01-14,00:07:04
11,['te_rex'],2025-01-14,00:07:05
11,['te_rex'],2025-01-14,00:07:05
11,['te_rex'],2025-01-14,00:07:06
11,['te_rex'],2025-01-14,00:07:06
11,['te_rex'],2025-01-14,00:07:06
11,['te_rex'],2025-01-14,00:07:06
11,['te_rex'],2025-01-14,00:07:06
11,['te_rex'],2025-01-14,00:07:06
11,['te_rex'],2025-01-14,00:07:06
11,['te_rex'],2025-01-14,00:07:06
11,['te_rex'],2025-01-14,00:07:06
11,['te_rex'],2025-01-14,00:07:06
11,['te_rex'],2025-01-14,00:07:06
11,['te_rex'],2025-01-14,00:07:06
11,['te_rex'],2025-01-14,00:07:07
11,['te_rex'],2025-01-14,00:07:07
11,['te_rex'],2025-01-14,00:07:07
11,['te_rex'],2025-01-14,00:07:07
11,['te_rex'],2025-01-14,00:07:07
11,['te_rex'],2025-01-14,00:07:07
11,['te_rex'],2025-01-14,00:07:07
11,['te_rex'],2025-01-14,00:07:07
11,['te_rex'],2025-01-14,00:07:07
11,['te_rex'],2025-01-14,00:07:07
11,['te_rex'],2025-01-14,00:07:07
11,['te_rex'],2025-01-14,00:07:07
11,['te_rex'],2025-01-14,00:07:08
11,['te_rex'],2025-01-14,00:07:08
11,['te_rex'],2025-01-14,00:07:08
11,['te_rex'],2025-01-14,00:07:08
11,['te_rex'],2025-01-14,00:07:08
11,['te_rex'],2025-01-14,00:07:08
11,['te_rex'],2025-01-14,00:07:08
11,['te_rex'],2025-01-14,00:07:08
11,['te_rex'],2025-01-14,00:07:08
11,['te_rex'],2025-01-14,00:07:08
11,['te_rex'],2025-01-14,00:07:08
11,['te_rex'],2025-01-14,00:07:09
11,['te_rex'],2025-01-14,00:07:09
11,['te_rex'],2025-01-14,00:07:09
11,['te_rex'],2025-01-14,00:07:09
11,['te_rex'],2025-01-14,00:07:09
11,['te_rex'],2025-01-14,00:07:09
11,['te_rex'],2025-01-14,00:07:09
11,['te_rex'],2025-01-14,00:07:09
11,['te_rex'],2025-01-14,00:07:09
11,['te_rex'],2025-01-14,00:07:09
11,['te_rex'],2025-01-14,00:07:09
11,['te_rex'],2025-01-14,00:07:09
11,['te_rex'],2025-01-14,00:07:09
11,['te_rex'],2025-01-14,00:07:09
11,['te_rex'],2025-01-14,00:07:09
11,['te_rex'],2025-01-14,00:07:10
11,['te_rex'],2025-01-14,00:07:10
11,['te_rex'],2025-01-14,00:07:10
11,['te_rex'],2025-01-14,00:07:10
11,['te_rex'],2025-01-14,00:07:10
11,['te_rex'],2025-01-14,00:07:10
11,['te_rex'],2025-01-14,00:07:10
11,['te_rex'],2025-01-14,00:07:10
11,['te_rex'],2025-01-14,00:07:10
11,['te_rex'],2025-01-14,00:07:10
11,['te_rex'],2025-01-14,00:07:10
11,['te_rex'],2025-01-14,00:07:11
11,['te_rex'],2025-01-14,00:07:11
11,['te_rex'],2025-01-14,00:07:11
11,['te_rex'],2025-01-14,00:07:11
11,['te_rex'],2025-01-14,00:07:11
11,['te_rex'],2025-01-14,00:07:11
11,['te_rex'],2025-01-14,00:07:11
11,['te_rex'],2025-01-14,00:07:11
11,['te_rex'],2025-01-14,00:07:11
11,['te_rex'],2025-01-14,00:07:11
11,['te_rex'],2025-01-14,00:07:11
11,['te_rex'],2025-01-14,00:07:11
11,['te_rex'],2025-01-14,00:07:11
11,['te_rex'],2025-01-14,00:07:11
11,['te_rex'],2025-01-14,00:07:11
11,['te_rex'],2025-01-14,00:07:12
11,['te_rex'],2025-01-14,00:07:12
11,['te_rex'],2025-01-14,00:07:12
11,['te_rex'],2025-01-14,00:07:12
11,['te_rex'],2025-01-14,00:07:12
11,['te_rex'],2025-01-14,00:07:12
11,['te_rex'],2025-01-14,00:07:12
11,['te_rex'],2025-01-14,00:07:12
11,['te_rex'],2025-01-14,00:07:12
11,['te_rex'],2025-01-14,00:07:12
11,['te_rex'],2025-01-14,00:07:12
11,['te_rex'],2025-01-14,00:07:12
11,['te_rex'],2025-01-14,00:07:12
11,['te_rex'],2025-01-14,00:07:12
11,['te_rex'],2025-01-14,00:07:12
11,['te_rex'],2025-01-14,00:07:13
11,['te_rex'],2025-01-14,00:07:13
11,['te_rex'],2025-01-14,00:07:13
11,['te_rex'],2025-01-14,00:07:13
11,['te_rex'],2025-01-14,00:07:13
11,['te_rex'],2025-01-14,00:07:13
